﻿--
-- Script was generated by Devart dbForge Studio for MySQL, Version 8.0.40.0
-- Product home page: http://www.devart.com/dbforge/mysql/studio
-- Script date 06/06/2024 12:40:27
-- Server version: 5.5.5-10.1.40-MariaDB
-- Client version: 4.1
--

-- 
-- Disable foreign keys
-- 
/*!40014 SET @OLD_FOREIGN_KEY_CHECKS=@@FOREIGN_KEY_CHECKS, FOREIGN_KEY_CHECKS=0 */;

-- 
-- Set SQL mode
-- 
/*!40101 SET @OLD_SQL_MODE=@@SQL_MODE, SQL_MODE='NO_AUTO_VALUE_ON_ZERO' */;

-- 
-- Set character set the client will use to send SQL statements to the server
--
SET NAMES 'utf8';

DROP DATABASE IF EXISTS alquileres;

CREATE DATABASE IF NOT EXISTS alquileres
CHARACTER SET latin1
COLLATE latin1_swedish_ci;

--
-- Set default database
--
USE alquileres;

--
-- Create table `empleados`
--
CREATE TABLE IF NOT EXISTS empleados (
  id int(11) NOT NULL AUTO_INCREMENT,
  nombre_completo varchar(70) NOT NULL,
  PRIMARY KEY (id)
)
ENGINE = INNODB,
AUTO_INCREMENT = 6,
AVG_ROW_LENGTH = 409,
CHARACTER SET latin1,
COLLATE latin1_swedish_ci;

--
-- Create table `coches`
--
CREATE TABLE IF NOT EXISTS coches (
  matricula varchar(7) NOT NULL,
  marca varchar(30) NOT NULL,
  modelo varchar(50) NOT NULL,
  color varchar(25) DEFAULT NULL,
  kilometros int(11) NOT NULL,
  potencia int(4) DEFAULT NULL,
  estado tinyint(1) NOT NULL DEFAULT 0,
  precio float NOT NULL,
  PRIMARY KEY (matricula)
)
ENGINE = INNODB,
AVG_ROW_LENGTH = 409,
CHARACTER SET latin1,
COLLATE latin1_swedish_ci;

--
-- Create table `seguros`
--
CREATE TABLE IF NOT EXISTS seguros (
  numero_poliza int(8) NOT NULL,
  precio float NOT NULL,
  matricula varchar(7) NOT NULL,
  PRIMARY KEY (numero_poliza)
)
ENGINE = INNODB,
AVG_ROW_LENGTH = 409,
CHARACTER SET latin1,
COLLATE latin1_swedish_ci;

--
-- Create index `uk_matricula` on table `seguros`
--
ALTER TABLE seguros
ADD UNIQUE INDEX uk_matricula (matricula);

--
-- Create foreign key
--
ALTER TABLE seguros
ADD CONSTRAINT fk_seguros_coches FOREIGN KEY (matricula)
REFERENCES coches (matricula) ON DELETE CASCADE ON UPDATE CASCADE;

--
-- Create table `mantenimientos`
--
CREATE TABLE IF NOT EXISTS mantenimientos (
  id int(11) NOT NULL AUTO_INCREMENT,
  descripcion varchar(700) DEFAULT NULL,
  kilometros int(11) NOT NULL,
  fecha date NOT NULL,
  matricula varchar(7) NOT NULL,
  PRIMARY KEY (id)
)
ENGINE = INNODB,
AUTO_INCREMENT = 42,
AVG_ROW_LENGTH = 399,
CHARACTER SET latin1,
COLLATE latin1_swedish_ci;

--
-- Create foreign key
--
ALTER TABLE mantenimientos
ADD CONSTRAINT fk_mantenimientos_coches FOREIGN KEY (matricula)
REFERENCES coches (matricula) ON DELETE CASCADE ON UPDATE CASCADE;

--
-- Create table `clientes`
--
CREATE TABLE IF NOT EXISTS clientes (
  dni varchar(9) NOT NULL,
  nombre_completo varchar(70) NOT NULL,
  localidad varchar(40) NOT NULL,
  direccion varchar(100) NOT NULL,
  fecha_permiso_conducir date NOT NULL,
  PRIMARY KEY (dni)
)
ENGINE = INNODB,
AVG_ROW_LENGTH = 409,
CHARACTER SET latin1,
COLLATE latin1_swedish_ci;

--
-- Create table `telefonos`
--
CREATE TABLE IF NOT EXISTS telefonos (
  id int(11) NOT NULL AUTO_INCREMENT,
  dni_cliente varchar(9) NOT NULL,
  telefono varchar(20) NOT NULL,
  PRIMARY KEY (id)
)
ENGINE = INNODB,
AUTO_INCREMENT = 44,
AVG_ROW_LENGTH = 409,
CHARACTER SET latin1,
COLLATE latin1_swedish_ci;

--
-- Create index `uk_dni_telefono` on table `telefonos`
--
ALTER TABLE telefonos
ADD UNIQUE INDEX uk_dni_telefono (dni_cliente, telefono);

--
-- Create foreign key
--
ALTER TABLE telefonos
ADD CONSTRAINT fk_telefonos_clientes FOREIGN KEY (dni_cliente)
REFERENCES clientes (dni) ON DELETE CASCADE ON UPDATE CASCADE;

--
-- Create table `atienden`
--
CREATE TABLE IF NOT EXISTS atienden (
  id int(11) NOT NULL AUTO_INCREMENT,
  id_empleado int(11) NOT NULL,
  dni_cliente varchar(9) NOT NULL,
  fecha date NOT NULL,
  PRIMARY KEY (id)
)
ENGINE = INNODB,
AUTO_INCREMENT = 68,
AVG_ROW_LENGTH = 409,
CHARACTER SET latin1,
COLLATE latin1_swedish_ci;

--
-- Create foreign key
--
ALTER TABLE atienden
ADD CONSTRAINT fk_atienden_clientes FOREIGN KEY (dni_cliente)
REFERENCES clientes (dni) ON DELETE CASCADE ON UPDATE CASCADE;

--
-- Create foreign key
--
ALTER TABLE atienden
ADD CONSTRAINT fk_atienden_empleados FOREIGN KEY (id_empleado)
REFERENCES empleados (id) ON DELETE CASCADE ON UPDATE CASCADE;

--
-- Create table `alquilan`
--
CREATE TABLE IF NOT EXISTS alquilan (
  id int(11) NOT NULL AUTO_INCREMENT,
  dni_cliente varchar(9) NOT NULL,
  matricula varchar(7) NOT NULL,
  fecha_inicio date NOT NULL,
  fecha_fin date NOT NULL,
  precio_total float NOT NULL,
  PRIMARY KEY (id)
)
ENGINE = INNODB,
AUTO_INCREMENT = 43,
AVG_ROW_LENGTH = 409,
CHARACTER SET latin1,
COLLATE latin1_swedish_ci;

--
-- Create foreign key
--
ALTER TABLE alquilan
ADD CONSTRAINT fk_alquilan_clientes FOREIGN KEY (dni_cliente)
REFERENCES clientes (dni) ON DELETE CASCADE ON UPDATE CASCADE;

--
-- Create foreign key
--
ALTER TABLE alquilan
ADD CONSTRAINT fk_alquilan_coches FOREIGN KEY (matricula)
REFERENCES coches (matricula) ON DELETE CASCADE ON UPDATE CASCADE;

-- 
-- Dumping data for table empleados
--
INSERT INTO empleados VALUES
(1, 'Pepe Martínez'),
(2, 'Fernando Muñoz'),
(3, 'Patricia Torres'),
(4, 'Javier Valbuena'),
(5, 'Acacio Bustamante');

-- 
-- Dumping data for table coches
--
INSERT INTO coches VALUES
('0103CHL', 'Citroën', 'C4 coupé', 'Gris', 124430, 136, 0, 90.5),
('0300JLT', 'Mercedes-Benz', 'Clase A', 'Amarillo', 3633, 179, 0, 95),
('0737MMF', 'Volvo', 'S V8', 'Verde', 720, 183, 0, 87),
('0910JKM', 'Lexus', 'UX', 'Morado', 963, 186, 0, 79),
('0925DWY', 'Mazda', 'Mazda 3', 'Amarillo', 123530, 120, 0, 89),
('1173LWM', 'Cupra', 'Formentor', 'Gris', 9543, NULL, 0, 85),
('1693KSG', 'Land Rover', 'Defender', 'Blanco', 1559, NULL, 0, 122),
('2316MQL', 'Porsche', 'Panamera', 'Negro', 2435, 737, 0, 73),
('2522MTM', 'Kia', 'Sportage', 'Verde', 7171, 124, 0, 79),
('3122FMJ', 'Nissan', 'Micra', 'Azul', 16745, NULL, 0, 60.6),
('3170BQK', 'Land Rover', 'Sport', 'Negro', 42164, 408, 0, 96),
('3631KCF', 'Tesla', 'Model S', 'Azul', 40107, 242, 0, 85),
('3691MKZ', 'Lexus', 'IS', 'Rojo', 944, NULL, 0, 84),
('3702JRR', 'Volvo', 'XC90', 'Morado', 104609, 149, 0, 79),
('3729MJQ', 'BMW', 'Serie 3 M', 'Amarillo', 915, 410, 0, 95),
('4013HFS', 'Toyota', 'Corolla', 'Blanco', 125639, 103, 0, 73),
('4021JPW', 'Nissan', 'Micra', 'Azul', 41168, 94, 0, 75),
('4221MMF', 'Audi', 'RS6', 'Rojo', 254, 427, 1, 99),
('4247FLQ', 'Volkswagen', 'Polo', 'Negro', 82047, 169, 0, 80),
('4522CMP', 'Volkswagen', 'Golf', 'Morado', 113330, 118, 0, 53),
('5266FKS', 'Ford', 'Fiesta', 'Blanco', 104406, 88, 0, 74),
('5819CGR', 'BMW', 'M4', 'Amarillo', 39821, 1020, 0, 85),
('5894HJZ', 'Toyota', 'Land Cruiser', 'Gris', 41800, 133, 0, 73),
('5958KJR', 'Lamborghini', 'Urus', 'Blanco', 43, 1022, 0, 84),
('6110MDL', 'Mazda', 'CX-60', 'Verde', 30, 295, 0, 85),
('6184MKR', 'Mercedes-Benz', 'Clase R', 'Azul', 5141, 383, 0, 97),
('6383MXC', 'Mercedes-Benz', 'EQS', 'Negro', 276, 550, 0, 97),
('6740BMJ', 'Seat', 'Ibiza', 'Rojo', 102687, NULL, 0, 73),
('6946DQD', 'Renault', 'Clio', 'Verde', 117751, 93, 0, 81),
('7083FVX', 'Mercedes-Benz', 'Clase A', 'Azul', 102899, 179, 0, 79),
('7312MFX', 'Audi', 'A1', 'Gris', 823, 130, 0, 53),
('7773LJJ', 'Renault', 'Clio', 'Negro', 5788, NULL, 0, 88),
('7861MFR', 'Mazda', 'Mazda 3', 'Verde', 14502, 103, 0, 67),
('8074JYL', 'Ford', 'Ranger', 'Morado', 2740, 824, 1, 87),
('8144CWJ', 'Seat', 'León', 'Blanco', 111460, 109, 0, 82),
('9161JVP', 'BMW', 'X4', 'Rojo', 2305, 741, 0, 86),
('9579MKS', 'Ford', 'Focus ST', 'Amarillo', 539, 1069, 0, 94),
('9658KML', 'Porsche', 'Carrea Turbo', 'Gris', 43127, 923, 0, 98);

-- 
-- Dumping data for table clientes
--
INSERT INTO clientes VALUES
('00211107A', 'Julio de las Fraguas', 'Arenas de Iguña', 'Calle del Medio 23', '1970-01-10'),
('00447738D', 'Mª Ángeles Morán', 'Santander', 'Camino Alonso Vega 12 3A', '1972-06-06'),
('09728911D', 'Silvia Guerra', 'Santander', 'Calle Alta 83 3A Izq', '1970-02-23'),
('12345678A', 'Daniel', 'aaaaaaaa', 'aaaaaaa', '2024-06-01'),
('14602497D', 'Antonio Bercianos', 'Santander', 'Calle Isaac Peral 12 5F', '1971-06-09'),
('17236005D', 'Sonia Martínez', 'Maliaño', 'Calle del Arrabal 12', '2019-10-06'),
('18582592C', 'José Eugenio Cascos', 'Maraña', 'Calle Raimundo Alonso 70', '1970-01-07'),
('21126952A', 'Rubén Gago', 'Santander', 'Calle Tres de Noviembre 12 4H', '1970-01-01'),
('26659236D', 'Dolores Fuertes', 'Maliaño', 'Av. Bilbao 6', '1993-06-26'),
('26969847A', 'Leo Harlem', 'Madrid', 'Calle San Sebastián 12 3D', '2004-04-28'),
('27213648C', 'Jose Luis Perales', 'Cuenca', 'Calle Sol 7', '1971-07-02'),
('27434325B', 'José Samperio', 'Liencres', 'Calle Viforco', '1979-02-06'),
('28032245B', 'Celina Torres', 'León', 'Plaza de la Catedral 4 1A', '1985-08-21'),
('29831094A', 'Isaac de la Riva', 'Maraña', 'Calle Raimundo Alonso 12', '1970-01-02'),
('30749786A', 'Paz Vega', 'Santander', 'Paseo de Pereda 14 5H', '1993-01-10'),
('31152146A', 'Patricia Antón', 'Santander', 'Av. Primero de Mayo 60 2D', '1981-11-02'),
('32683787A', 'Ramón Melendi', 'Gijón', 'Calle Corrida 12 5D', '1976-04-18'),
('36099309A', 'Consuelo Vega', 'Valladolid', 'Calle Sol 10 7H', '1993-03-15'),
('42492805C', 'Roberto Moreno', 'Santander', 'Calle Honduras 12 3A', '2014-01-17'),
('43156118B', 'Susana Achurra', 'Santander', 'Barrio el Somo 61', '1972-02-02'),
('43694575D', 'Emilia Santos', 'Astillero', 'Av. España 12 3G', '1970-04-08'),
('46993951A', 'Estefanía Uriarte', 'Suances', 'Calle Comillas 12 3E', '1970-01-02'),
('53969423D', 'Tomás Pérez', 'Maraña', 'Calle del Medio 1', '1970-01-07'),
('55629610C', 'Telesforo Ruiz', 'Santander', 'Calle Castilla 25 1G', '2007-05-15'),
('58038767D', 'Modesto Fernández', 'Palencia', 'Calle Sol 83 4F', '1998-02-03'),
('60493664C', 'Fructosa Bulnes', 'Maraña', 'Calle Raimundo Alonso 100', '1974-12-17'),
('61164949B', 'Pablo  Colmenero', 'Polanco', 'Calle General 12', '1975-03-15'),
('65760197A', 'Silvia Abril', 'Madrid', 'Calle Prosperidad 12 4D', '1980-06-10'),
('67423285C', 'Enrique Pastor', 'Madrid', 'Calle Contubernio 49 3 drcha', '1986-02-28'),
('70139448B', 'Beatriz Luengo', 'Cangas de Narcea', 'Calle Principal 1', '1972-06-10'),
('73193017G', 'Agustín Gago', 'Astillero', 'Avenida España 23 1C', '2020-06-18'),
('78112714D', 'Maximiliano Álvarez', 'Acebedo', 'Plazaz del Ayuntamiento 4 1G', '1970-01-05'),
('78941893D', 'Fernando Pacheco', 'Santander', 'Calle San Daniel 12 8A', '1984-07-25'),
('81054614A', 'Agustín  Campos', 'Santander', 'Calle Alcázar de Toledo 4 2E', '2011-03-04'),
('81557649C', 'Begoña de la Reina', 'Toledo', 'Calle General 1', '1973-05-16'),
('82704032A', 'Gervasio Merino', 'Toledo', 'Plaza de los pueblos 4 1D', '2004-04-29'),
('83767802B', 'Pacita Castaño', 'Maraña', 'Calle Raimundo Alonso 52', '1983-04-01'),
('86666693C', 'Luis de la Fuente', 'Lugo', 'Calle Sol 12 4E', '2015-05-29'),
('87597500D', 'Marta Gutiérrez', 'Santander', 'Calle Honduras 1 5F', '1999-04-29'),
('87975503C', 'Manolo Escobar', 'Benidorm', 'Calle de las playas 23 3G', '1970-01-03');

-- 
-- Dumping data for table telefonos
--
INSERT INTO telefonos VALUES
(26, '00211107A', '660289210'),
(41, '00211107A', '666666666'),
(21, '00447738D', '610232288'),
(40, '09728911D', '657190829'),
(42, '12345678A', '609321437'),
(34, '14602497D', '777737153'),
(25, '17236005D', '652850933'),
(8, '18582592C', '710704170'),
(2, '21126952A', '634510273'),
(24, '26659236D', '642945156'),
(28, '26969847A', '718433098'),
(37, '27213648C', '603326087'),
(17, '27434325B', '721778347'),
(3, '28032245B', '720253105'),
(31, '29831094A', '665124502'),
(13, '30749786A', '756607789'),
(33, '31152146A', '737851016'),
(16, '32683787A', '624077894'),
(20, '36099309A', '712757332'),
(11, '42492805C', '644973146'),
(14, '43156118B', '613547495'),
(6, '43694575D', '648420208'),
(27, '46993951A', '644442927'),
(23, '53969423D', '729798858'),
(29, '55629610C', '736829054'),
(12, '58038767D', '767890715'),
(22, '60493664C', '619767370'),
(35, '61164949B', '763494377'),
(10, '65760197A', '626885001'),
(4, '67423285C', '632698545'),
(19, '70139448B', '696482201'),
(43, '73193017G', '749101331'),
(18, '78112714D', '615848301'),
(39, '78941893D', '723373204'),
(15, '81054614A', '783129303'),
(32, '81557649C', '743026112'),
(38, '82704032A', '673673166'),
(36, '83767802B', '771189532'),
(5, '86666693C', '754901349'),
(1, '87597500D', '778206114'),
(30, '87975503C', '737002933');

-- 
-- Dumping data for table seguros
--
INSERT INTO seguros VALUES
(260005, 2199, '0103CHL'),
(260006, 5711, '0925DWY'),
(5008370, 7085, '5266FKS'),
(5008371, 4431, '0300JLT'),
(5008372, 3759, '4021JPW'),
(13881226, 569, '9658KML'),
(13881227, 2727, '5894HJZ'),
(13881228, 4773, '0910JKM'),
(13881229, 7549, '5819CGR'),
(13881230, 12, '8074JYL'),
(18629592, 290, '3702JRR'),
(18629593, 2461, '3691MKZ'),
(18629594, 7864, '2316MQL'),
(18629595, 6862, '2522MTM'),
(18629596, 7099, '0737MMF'),
(20401145, 5291, '3631KCF'),
(20401146, 7094, '7312MFX'),
(20401147, 7860, '8144CWJ'),
(20401148, 7079, '1173LWM'),
(25149511, 7290, '7083FVX'),
(25149512, 78, '1693KSG'),
(25149513, 842, '6383MXC'),
(28717873, 529, '4522CMP'),
(28717874, 2793, '3170BQK'),
(28717875, 3088, '6184MKR'),
(28717876, 2077, '6946DQD'),
(28717877, 35, '3122FMJ'),
(33466238, 7649, '6740BMJ'),
(33466239, 87, '3729MJQ'),
(33466240, 3170, '6110MDL'),
(33466241, 530, '9161JVP'),
(40909844, 2257, '5958KJR'),
(40909845, 7403, '4247FLQ'),
(45658205, 1109, '9579MKS'),
(45658206, 1048, '4013HFS'),
(45658207, 836, '4221MMF'),
(47483647, 5977, '7773LJJ');

-- 
-- Dumping data for table mantenimientos
--
INSERT INTO mantenimientos VALUES
(1, '', 265366, '2024-04-03', '4522CMP'),
(2, '', 298675, '2015-11-11', '0300JLT'),
(3, '', 273895, '2015-10-22', '2316MQL'),
(4, '', 151875, '2010-01-03', '5819CGR'),
(5, '', 43332, '2017-11-12', '0737MMF'),
(6, '', 121145, '2015-07-03', '1173LWM'),
(7, '', 262446, '2015-04-03', '8144CWJ'),
(9, '', 321834, '2017-01-20', '0103CHL'),
(10, '', 318306, '2023-05-29', '6184MKR'),
(11, '', 183754, '2021-06-09', '8144CWJ'),
(12, '', 78002, '2018-10-09', '4013HFS'),
(13, '', 379487, '2012-06-29', '8074JYL'),
(14, '', 403655, '2012-05-02', '0300JLT'),
(15, '', 80359, '2017-01-24', '0737MMF'),
(16, '', 175402, '2014-07-10', '9579MKS'),
(17, '', 361383, '2016-04-28', '7312MFX'),
(18, '', 52755, '2018-03-03', '6946DQD'),
(19, '', 23078, '2011-02-07', '8144CWJ'),
(20, '', 282346, '2010-11-14', '4221MMF'),
(21, '', 464233, '2012-05-18', '0300JLT'),
(22, '', 408194, '2010-04-06', '3122FMJ'),
(23, '', 282723, '2023-08-04', '0910JKM'),
(24, '', 354484, '2010-09-09', '6740BMJ'),
(25, '', 310122, '2010-10-18', '0925DWY'),
(26, '', 362547, '2018-01-09', '8074JYL'),
(27, '', 451186, '2013-08-28', '8144CWJ'),
(29, '', 426798, '2011-09-19', '3729MJQ'),
(30, '', 86624, '2017-11-25', '5819CGR'),
(31, '', 139543, '2014-10-12', '6946DQD'),
(32, '', 383547, '2015-02-18', '3702JRR'),
(33, '', 182349, '2011-11-02', '7312MFX'),
(34, '', 34309, '2022-01-28', '3702JRR'),
(35, '', 175996, '2013-01-30', '9161JVP'),
(36, '', 295594, '2012-01-09', '3702JRR'),
(37, '', 88123, '2020-02-12', '4221MMF'),
(38, '', 16570, '2012-10-03', '4247FLQ'),
(40, '', 195936, '2016-02-15', '0925DWY'),
(41, '', 120000, '2024-05-10', '0103CHL');

-- 
-- Dumping data for table atienden
--
INSERT INTO atienden VALUES
(4, 1, '67423285C', '2021-03-13'),
(6, 5, '43694575D', '2022-07-26'),
(8, 3, '18582592C', '2020-01-10'),
(23, 2, '53969423D', '2012-11-14'),
(43, 1, '17236005D', '2024-06-01'),
(44, 3, '28032245B', '2024-05-15'),
(45, 2, '32683787A', '2024-06-01'),
(46, 4, '00447738D', '2024-06-01'),
(47, 3, '30749786A', '2024-05-08'),
(48, 5, '27434325B', '2024-05-14'),
(49, 3, '26969847A', '2024-05-13'),
(50, 3, '29831094A', '2024-05-22'),
(52, 4, '81054614A', '2024-05-21'),
(53, 4, '27434325B', '2024-05-25'),
(54, 4, '17236005D', '2024-05-02'),
(55, 3, '21126952A', '2024-05-07'),
(56, 1, '30749786A', '2024-05-18'),
(57, 4, '86666693C', '2024-05-21'),
(58, 3, '14602497D', '2024-05-24'),
(59, 2, '21126952A', '2024-05-22'),
(60, 2, '18582592C', '2024-05-15'),
(61, 5, '83767802B', '2024-06-01'),
(62, 4, '18582592C', '2024-05-16'),
(63, 4, '29831094A', '2024-05-29'),
(64, 2, '42492805C', '2024-05-21'),
(65, 3, '09728911D', '2024-05-02'),
(66, 1, '27434325B', '2024-05-22'),
(67, 3, '32683787A', '2024-05-15');

-- 
-- Dumping data for table alquilan
--
INSERT INTO alquilan VALUES
(1, '87597500D', '5894HJZ', '2011-03-09', '2014-11-04', 50903),
(3, '28032245B', '4021JPW', '2010-08-30', '2014-11-08', 16986),
(4, '67423285C', '0103CHL', '2012-01-28', '2015-02-11', 51122),
(5, '86666693C', '4013HFS', '2012-02-12', '2022-02-09', 59571),
(6, '43694575D', '3631KCF', '2011-11-06', '2015-09-20', 3084),
(8, '18582592C', '7861MFR', '2012-12-11', '2017-11-16', 84751),
(10, '65760197A', '8074JYL', '2011-05-28', '2022-04-17', 20867),
(11, '42492805C', '7083FVX', '2013-08-26', '2016-07-31', 82963),
(12, '58038767D', '4522CMP', '2010-01-05', '2019-10-19', 89236),
(13, '30749786A', '9658KML', '2011-08-14', '2014-11-05', 68234),
(14, '43156118B', '5266FKS', '2010-01-01', '2017-10-14', 17720),
(15, '81054614A', '6184MKR', '2012-03-14', '2022-06-02', 80928),
(16, '32683787A', '0300JLT', '2011-11-21', '2018-04-02', 2915),
(17, '27434325B', '5819CGR', '2010-11-14', '2016-03-03', 61867),
(18, '78112714D', '6946DQD', '2012-07-30', '2022-06-11', 34267),
(19, '70139448B', '9161JVP', '2013-01-15', '2019-06-05', 63364),
(20, '36099309A', '3729MJQ', '2010-03-24', '2022-12-06', 18477),
(22, '60493664C', '0737MMF', '2010-04-04', '2016-09-09', 43141),
(23, '53969423D', '0925DWY', '2013-11-04', '2018-09-05', 79031),
(24, '26659236D', '2316MQL', '2010-06-07', '2016-01-15', 47033),
(25, '17236005D', '6110MDL', '2010-11-09', '2017-12-28', 69061),
(26, '00211107A', '1693KSG', '2010-12-03', '2021-11-12', 52803),
(27, '46993951A', '3122FMJ', '2011-04-04', '2015-10-18', 4952),
(28, '26969847A', '7773LJJ', '2010-03-29', '2019-06-10', 50080),
(29, '55629610C', '5958KJR', '2013-05-02', '2017-03-17', 82247),
(30, '87975503C', '1173LWM', '2010-04-08', '2019-03-01', 1085),
(31, '29831094A', '6740BMJ', '2013-09-29', '2023-01-23', 70975),
(32, '81557649C', '0910JKM', '2011-03-05', '2014-11-06', 18244),
(33, '31152146A', '3691MKZ', '2013-08-20', '2019-11-05', 99923),
(34, '14602497D', '9579MKS', '2012-07-19', '2020-04-10', 75963),
(35, '61164949B', '6383MXC', '2014-05-07', '2021-02-17', 9991),
(36, '83767802B', '4221MMF', '2010-01-21', '2019-04-12', 74299),
(37, '27213648C', '7312MFX', '2013-01-09', '2016-06-24', 94492),
(38, '82704032A', '3170BQK', '2012-11-02', '2022-07-10', 86019),
(39, '78941893D', '4247FLQ', '2010-01-01', '2022-10-18', 933),
(40, '09728911D', '8144CWJ', '2011-09-06', '2022-09-15', 17596),
(41, '00211107A', '8074JYL', '2024-06-04', '2024-06-28', 2175),
(42, '00211107A', '4221MMF', '2024-06-06', '2024-06-28', 2277);

--
-- Set default database
--
USE alquileres;

DELIMITER $$

--
-- Create trigger `actualizar_estado_coche_eliminar_contrato`
--
CREATE 
	DEFINER = 'root'@'localhost'
TRIGGER IF NOT EXISTS actualizar_estado_coche_eliminar_contrato
	AFTER DELETE
	ON alquilan
	FOR EACH ROW
BEGIN
    UPDATE coches
    SET estado = 0
    WHERE matricula = OLD.matricula;
END
$$

--
-- Create trigger `actualizar_estado_coche_nuevo_contrato`
--
CREATE 
	DEFINER = 'root'@'localhost'
TRIGGER IF NOT EXISTS actualizar_estado_coche_nuevo_contrato
	AFTER INSERT
	ON alquilan
	FOR EACH ROW
BEGIN
    UPDATE coches
    SET estado = 1
    WHERE matricula = NEW.matricula;
END
$$

DELIMITER ;

-- 
-- Restore previous SQL mode
-- 
/*!40101 SET SQL_MODE=@OLD_SQL_MODE */;

-- 
-- Enable foreign keys
-- 
/*!40014 SET FOREIGN_KEY_CHECKS = @OLD_FOREIGN_KEY_CHECKS */;